filename,method,n_residues,rama_favored,rama_allowed,rama_outlier,rama_favored_frac,rama_allowed_frac,rama_outlier_frac,clashscore,n_clashes,clashscore_error,error
laproteina_001.pdb,laproteina,198,198,0,0,1.0,0.0,0.0,0.0,0,,
laproteina_002.pdb,laproteina,198,195,3,0,0.9848,0.0152,0.0,0.0,0,,
laproteina_003.pdb,laproteina,198,195,3,0,0.9848,0.0152,0.0,0.0,0,,
laproteina_004.pdb,laproteina,198,198,0,0,1.0,0.0,0.0,0.0,0,,
laproteina_005.pdb,laproteina,198,198,0,0,1.0,0.0,0.0,0.0,0,,
laproteina_006.pdb,laproteina,198,197,0,1,0.9949,0.0,0.0051,0.0,0,,
laproteina_007.pdb,laproteina,198,198,0,0,1.0,0.0,0.0,0.0,0,,
laproteina_008.pdb,laproteina,198,198,0,0,1.0,0.0,0.0,0.0,0,,
laproteina_009.pdb,laproteina,198,197,1,0,0.9949,0.0051,0.0,0.0,0,,
laproteina_010.pdb,laproteina,198,197,1,0,0.9949,0.0051,0.0,0.0,0,,
laproteina_011.pdb,laproteina,198,196,2,0,0.9899,0.0101,0.0,0.0,0,,
laproteina_012.pdb,laproteina,198,198,0,0,1.0,0.0,0.0,0.0,0,,
laproteina_013.pdb,laproteina,198,198,0,0,1.0,0.0,0.0,0.0,0,,
laproteina_014.pdb,laproteina,198,195,3,0,0.9848,0.0152,0.0,0.0,0,,
laproteina_015.pdb,laproteina,198,198,0,0,1.0,0.0,0.0,0.0,0,,
laproteina_016.pdb,laproteina,198,196,2,0,0.9899,0.0101,0.0,0.0,0,,
laproteina_017.pdb,laproteina,198,194,4,0,0.9798,0.0202,0.0,0.0,0,,
laproteina_018.pdb,laproteina,198,194,3,1,0.9798,0.0152,0.0051,0.0,0,,
laproteina_019.pdb,laproteina,198,197,1,0,0.9949,0.0051,0.0,0.0,0,,
laproteina_020.pdb,laproteina,198,196,2,0,0.9899,0.0101,0.0,0.0,0,,
laproteina_021.pdb,laproteina,198,197,1,0,0.9949,0.0051,0.0,0.0,0,,
laproteina_022.pdb,laproteina,198,198,0,0,1.0,0.0,0.0,0.0,0,,
laproteina_023.pdb,laproteina,198,197,1,0,0.9949,0.0051,0.0,0.0,0,,
laproteina_024.pdb,laproteina,198,197,1,0,0.9949,0.0051,0.0,0.0,0,,
laproteina_025.pdb,laproteina,198,198,0,0,1.0,0.0,0.0,0.0,0,,
laproteina_026.pdb,laproteina,198,198,0,0,1.0,0.0,0.0,0.0,0,,
laproteina_027.pdb,laproteina,198,198,0,0,1.0,0.0,0.0,0.0,0,,
laproteina_028.pdb,laproteina,198,197,1,0,0.9949,0.0051,0.0,0.0,0,,
laproteina_029.pdb,laproteina,198,197,1,0,0.9949,0.0051,0.0,0.0,0,,
laproteina_030.pdb,laproteina,198,195,3,0,0.9848,0.0152,0.0,0.0,0,,
laproteina_031.pdb,laproteina,198,198,0,0,1.0,0.0,0.0,0.0,0,,
laproteina_032.pdb,laproteina,198,198,0,0,1.0,0.0,0.0,0.0,0,,
laproteina_033.pdb,laproteina,198,195,3,0,0.9848,0.0152,0.0,0.0,0,,
laproteina_034.pdb,laproteina,198,197,1,0,0.9949,0.0051,0.0,0.0,0,,
laproteina_035.pdb,laproteina,198,197,1,0,0.9949,0.0051,0.0,0.0,0,,
laproteina_036.pdb,laproteina,198,198,0,0,1.0,0.0,0.0,0.0,0,,
laproteina_037.pdb,laproteina,198,198,0,0,1.0,0.0,0.0,0.0,0,,
laproteina_038.pdb,laproteina,198,198,0,0,1.0,0.0,0.0,0.0,0,,
laproteina_039.pdb,laproteina,198,197,1,0,0.9949,0.0051,0.0,0.0,0,,
laproteina_040.pdb,laproteina,198,198,0,0,1.0,0.0,0.0,0.0,0,,
laproteina_041.pdb,laproteina,198,197,1,0,0.9949,0.0051,0.0,0.0,0,,
laproteina_042.pdb,laproteina,198,197,1,0,0.9949,0.0051,0.0,0.0,0,,
laproteina_043.pdb,laproteina,198,198,0,0,1.0,0.0,0.0,0.0,0,,
laproteina_044.pdb,laproteina,198,196,2,0,0.9899,0.0101,0.0,0.0,0,,
laproteina_045.pdb,laproteina,198,197,1,0,0.9949,0.0051,0.0,0.0,0,,
laproteina_046.pdb,laproteina,198,195,3,0,0.9848,0.0152,0.0,0.0,0,,
laproteina_047.pdb,laproteina,198,197,1,0,0.9949,0.0051,0.0,0.0,0,,
laproteina_048.pdb,laproteina,198,198,0,0,1.0,0.0,0.0,0.0,0,,
laproteina_049.pdb,laproteina,198,194,4,0,0.9798,0.0202,0.0,0.0,0,,
laproteina_050.pdb,laproteina,198,197,1,0,0.9949,0.0051,0.0,0.0,0,,
reqflow_001.pdb,reqflow,198,193,4,1,0.9747,0.0202,0.0051,0.0,0,,
reqflow_002.pdb,reqflow,198,197,1,0,0.9949,0.0051,0.0,0.0,0,,
reqflow_003.pdb,reqflow,198,192,3,3,0.9697,0.0152,0.0152,0.0,0,,
reqflow_004.pdb,reqflow,198,188,7,3,0.9495,0.0354,0.0152,0.0,0,,
reqflow_005.pdb,reqflow,198,195,3,0,0.9848,0.0152,0.0,0.0,0,,
reqflow_006.pdb,reqflow,198,195,2,1,0.9848,0.0101,0.0051,0.0,0,,
reqflow_007.pdb,reqflow,198,196,2,0,0.9899,0.0101,0.0,0.0,0,,
reqflow_008.pdb,reqflow,198,192,6,0,0.9697,0.0303,0.0,0.0,0,,
reqflow_009.pdb,reqflow,198,196,2,0,0.9899,0.0101,0.0,0.0,0,,
reqflow_010.pdb,reqflow,198,196,1,1,0.9899,0.0051,0.0051,0.0,0,,
reqflow_011.pdb,reqflow,198,197,0,1,0.9949,0.0,0.0051,0.0,0,,
reqflow_012.pdb,reqflow,198,195,2,1,0.9848,0.0101,0.0051,0.0,0,,
reqflow_013.pdb,reqflow,198,186,8,4,0.9394,0.0404,0.0202,0.0,0,,
reqflow_014.pdb,reqflow,198,194,4,0,0.9798,0.0202,0.0,0.0,0,,
reqflow_015.pdb,reqflow,198,191,5,2,0.9646,0.0253,0.0101,0.0,0,,
reqflow_016.pdb,reqflow,198,191,4,3,0.9646,0.0202,0.0152,0.0,0,,
reqflow_017.pdb,reqflow,198,196,1,1,0.9899,0.0051,0.0051,0.0,0,,
reqflow_018.pdb,reqflow,198,195,2,1,0.9848,0.0101,0.0051,0.0,0,,
reqflow_019.pdb,reqflow,198,194,3,1,0.9798,0.0152,0.0051,0.0,0,,
reqflow_020.pdb,reqflow,198,196,2,0,0.9899,0.0101,0.0,0.0,0,,
reqflow_021.pdb,reqflow,198,191,3,4,0.9646,0.0152,0.0202,0.0,0,,
reqflow_022.pdb,reqflow,198,192,4,2,0.9697,0.0202,0.0101,0.0,0,,
reqflow_023.pdb,reqflow,198,196,2,0,0.9899,0.0101,0.0,0.0,0,,
reqflow_024.pdb,reqflow,198,186,11,1,0.9394,0.0556,0.0051,0.0,0,,
reqflow_025.pdb,reqflow,198,194,4,0,0.9798,0.0202,0.0,0.0,0,,
reqflow_026.pdb,reqflow,198,194,3,1,0.9798,0.0152,0.0051,0.0,0,,
reqflow_027.pdb,reqflow,198,191,5,2,0.9646,0.0253,0.0101,0.0,0,,
reqflow_028.pdb,reqflow,198,193,4,1,0.9747,0.0202,0.0051,0.0,0,,
reqflow_029.pdb,reqflow,198,194,4,0,0.9798,0.0202,0.0,0.0,0,,
reqflow_030.pdb,reqflow,198,193,3,2,0.9747,0.0152,0.0101,0.0,0,,
reqflow_031.pdb,reqflow,198,197,1,0,0.9949,0.0051,0.0,0.0,0,,
reqflow_032.pdb,reqflow,198,194,4,0,0.9798,0.0202,0.0,0.0,0,,
reqflow_033.pdb,reqflow,198,197,1,0,0.9949,0.0051,0.0,0.0,0,,
reqflow_034.pdb,reqflow,198,192,5,1,0.9697,0.0253,0.0051,0.0,0,,
reqflow_035.pdb,reqflow,198,195,3,0,0.9848,0.0152,0.0,0.0,0,,
reqflow_036.pdb,reqflow,198,197,1,0,0.9949,0.0051,0.0,0.0,0,,
reqflow_037.pdb,reqflow,198,195,3,0,0.9848,0.0152,0.0,0.0,0,,
reqflow_038.pdb,reqflow,198,194,4,0,0.9798,0.0202,0.0,0.0,0,,
reqflow_039.pdb,reqflow,198,190,7,1,0.9596,0.0354,0.0051,0.0,0,,
reqflow_040.pdb,reqflow,198,198,0,0,1.0,0.0,0.0,0.0,0,,
reqflow_041.pdb,reqflow,198,190,7,1,0.9596,0.0354,0.0051,0.0,0,,
reqflow_042.pdb,reqflow,198,189,6,3,0.9545,0.0303,0.0152,0.0,0,,
reqflow_043.pdb,reqflow,198,194,4,0,0.9798,0.0202,0.0,0.0,0,,
reqflow_044.pdb,reqflow,198,195,3,0,0.9848,0.0152,0.0,0.0,0,,
reqflow_045.pdb,reqflow,198,195,3,0,0.9848,0.0152,0.0,0.0,0,,
reqflow_046.pdb,reqflow,198,196,2,0,0.9899,0.0101,0.0,0.0,0,,
reqflow_047.pdb,reqflow,198,196,1,1,0.9899,0.0051,0.0051,0.0,0,,
reqflow_048.pdb,reqflow,198,197,1,0,0.9949,0.0051,0.0,0.0,0,,
reqflow_049.pdb,reqflow,198,190,6,2,0.9596,0.0303,0.0101,0.0,0,,
reqflow_050.pdb,reqflow,198,193,5,0,0.9747,0.0253,0.0,0.0,0,,
